Label (Grouping),"Census Tract 901, Suffolk County, Massachusetts!!Estimate","Census Tract 901, Suffolk County, Massachusetts!!Margin of Error","Census Tract 902, Suffolk County, Massachusetts!!Estimate","Census Tract 902, Suffolk County, Massachusetts!!Margin of Error","Census Tract 907, Suffolk County, Massachusetts!!Estimate","Census Tract 907, Suffolk County, Massachusetts!!Margin of Error","Census Tract 909.01, Suffolk County, Massachusetts!!Estimate","Census Tract 909.01, Suffolk County, Massachusetts!!Margin of Error","Census Tract 910.01, Suffolk County, Massachusetts!!Estimate","Census Tract 910.01, Suffolk County, Massachusetts!!Margin of Error","Census Tract 911, Suffolk County, Massachusetts!!Estimate","Census Tract 911, Suffolk County, Massachusetts!!Margin of Error","Census Tract 912, Suffolk County, Massachusetts!!Estimate","Census Tract 912, Suffolk County, Massachusetts!!Margin of Error","Census Tract 913, Suffolk County, Massachusetts!!Estimate","Census Tract 913, Suffolk County, Massachusetts!!Margin of Error","Census Tract 914, Suffolk County, Massachusetts!!Estimate","Census Tract 914, Suffolk County, Massachusetts!!Margin of Error","Census Tract 915, Suffolk County, Massachusetts!!Estimate","Census Tract 915, Suffolk County, Massachusetts!!Margin of Error","Census Tract 916, Suffolk County, Massachusetts!!Estimate","Census Tract 916, Suffolk County, Massachusetts!!Margin of Error","Census Tract 917, Suffolk County, Massachusetts!!Estimate","Census Tract 917, Suffolk County, Massachusetts!!Margin of Error","Census Tract 918, Suffolk County, Massachusetts!!Estimate","Census Tract 918, Suffolk County, Massachusetts!!Margin of Error","Census Tract 919, Suffolk County, Massachusetts!!Estimate","Census Tract 919, Suffolk County, Massachusetts!!Margin of Error","Census Tract 920, Suffolk County, Massachusetts!!Estimate","Census Tract 920, Suffolk County, Massachusetts!!Margin of Error","Census Tract 921.01, Suffolk County, Massachusetts!!Estimate","Census Tract 921.01, Suffolk County, Massachusetts!!Margin of Error","Census Tract 922, Suffolk County, Massachusetts!!Estimate","Census Tract 922, Suffolk County, Massachusetts!!Margin of Error","Census Tract 923, Suffolk County, Massachusetts!!Estimate","Census Tract 923, Suffolk County, Massachusetts!!Margin of Error","Census Tract 924, Suffolk County, Massachusetts!!Estimate","Census Tract 924, Suffolk County, Massachusetts!!Margin of Error","Census Tract 1001, Suffolk County, Massachusetts!!Estimate","Census Tract 1001, Suffolk County, Massachusetts!!Margin of Error","Census Tract 1002, Suffolk County, Massachusetts!!Estimate","Census Tract 1002, Suffolk County, Massachusetts!!Margin of Error","Census Tract 1003, Suffolk County, Massachusetts!!Estimate","Census Tract 1003, Suffolk County, Massachusetts!!Margin of Error","Census Tract 1005, Suffolk County, Massachusetts!!Estimate","Census Tract 1005, Suffolk County, Massachusetts!!Margin of Error","Census Tract 1006.01, Suffolk County, Massachusetts!!Estimate","Census Tract 1006.01, Suffolk County, Massachusetts!!Margin of Error","Census Tract 1006.03, Suffolk County, Massachusetts!!Estimate","Census Tract 1006.03, Suffolk County, Massachusetts!!Margin of Error","Census Tract 1007, Suffolk County, Massachusetts!!Estimate","Census Tract 1007, Suffolk County, Massachusetts!!Margin of Error","Census Tract 1008, Suffolk County, Massachusetts!!Estimate","Census Tract 1008, Suffolk County, Massachusetts!!Margin of Error","Census Tract 9901.01, Suffolk County, Massachusetts!!Estimate","Census Tract 9901.01, Suffolk County, Massachusetts!!Margin of Error"
Total:,"2,030",±302,"1,096",±268,"2,088",±358,"1,155",±221,"1,513",±317,"2,802",±500,"1,446",±311,995,±210,"1,356",±302,"1,669",±296,"1,508",±425,"1,579",±286,"1,555",±304,"1,825",±384,"2,898",±571,"3,018",±543,"1,558",±267,"1,552",±289,"2,617",±723,"2,977",±646,"1,389",±279,"1,533",±292,"3,206",±578,"2,920",±437,"1,430",±344,"2,257",±368,"3,159",±534,0,±13
    Less than 10 minutes,136,±76,48,±42,67,±55,68,±56,117,±101,196,±237,114,±57,24,±28,159,±90,71,±49,32,±37,22,±28,111,±71,78,±50,169,±106,299,±148,78,±54,33,±25,111,±130,59,±65,59,±47,158,±105,157,±113,185,±112,153,±113,83,±64,0,±19,0,±13
    10 to 14 minutes,180,±91,80,±62,147,±68,125,±68,102,±69,142,±74,177,±157,65,±39,87,±76,90,±59,15,±17,158,±113,259,±130,58,±55,331,±132,54,±58,28,±38,58,±52,0,±19,225,±135,61,±57,29,±33,211,±150,68,±72,113,±71,247,±105,307,±199,0,±13
    15 to 19 minutes,221,±116,207,±95,180,±89,177,±94,161,±86,388,±112,244,±119,94,±45,290,±110,279,±123,151,±106,268,±94,70,±82,129,±115,295,±213,341,±208,137,±73,105,±76,205,±122,309,±127,170,±99,115,±76,183,±136,202,±165,192,±148,368,±177,235,±128,0,±13
    20 to 24 minutes,337,±159,52,±38,246,±120,86,±60,242,±132,376,±139,71,±47,227,±95,179,±78,198,±120,270,±153,48,±39,150,±86,415,±224,369,±139,571,±230,140,±107,168,±77,390,±267,204,±114,140,±100,145,±86,339,±223,310,±186,259,±117,215,±97,334,±179,0,±13
    25 to 29 minutes,32,±38,43,±36,212,±87,20,±32,26,±26,158,±92,129,±74,31,±33,0,±13,34,±29,84,±99,146,±58,28,±40,0,±13,46,±65,20,±24,137,±91,49,±40,245,±189,350,±306,66,±54,109,±71,240,±181,211,±123,111,±60,176,±87,101,±63,0,±13
    30 to 34 minutes,614,±152,252,±103,577,±171,333,±109,396,±154,650,±217,443,±196,332,±109,307,±135,332,±158,497,±203,405,±195,444,±177,514,±189,574,±175,699,±379,304,±107,474,±178,654,±280,579,±260,330,±112,328,±151,441,±177,836,±296,232,±111,243,±123,608,±239,0,±13
    35 to 44 minutes,173,±85,29,±31,166,±74,48,±34,128,±88,297,±106,102,±61,38,±33,109,±52,146,±89,161,±88,94,±46,43,±48,178,±91,348,±180,216,±138,154,±85,198,±97,272,±209,234,±139,66,±42,133,±90,201,±91,287,±175,128,±49,244,±118,345,±135,0,±13
    45 to 59 minutes,135,±94,289,±82,346,±148,182,±93,137,±77,227,±141,76,±50,105,±68,80,±49,313,±119,183,±106,242,±101,208,±133,166,±111,534,±211,305,±183,291,±119,103,±60,171,±109,214,±110,111,±64,225,±105,462,±167,321,±140,134,±53,386,±157,436,±158,0,±13
    60 or more minutes,202,±120,96,±58,147,±128,116,±62,204,±95,368,±166,90,±67,79,±44,145,±93,206,±102,115,±108,196,±110,242,±166,287,±133,232,±135,513,±324,289,±126,364,±160,569,±382,803,±319,386,±117,291,±128,972,±277,500,±192,108,±64,295,±118,793,±254,0,±13
"    Car, truck, or van:","1,144",±278,574,±186,848,±193,545,±167,617,±171,"1,353",±258,783,±234,574,±184,697,±155,"1,090",±225,978,±442,782,±206,827,±219,"1,228",±306,"1,679",±372,"1,834",±465,883,±199,950,±267,"1,334",±417,"1,373",±347,787,±190,"1,031",±248,"1,759",±460,"1,761",±338,"1,092",±278,"1,909",±335,"2,090",±445,0,±13
        Less than 10 minutes,43,±42,0,±13,46,±44,3,±6,46,±45,23,±24,54,±32,24,±28,79,±53,53,±41,0,±13,0,±13,58,±49,28,±28,67,±64,231,±151,76,±52,8,±16,0,±19,59,±65,31,±35,136,±108,148,±113,128,±92,88,±53,83,±64,0,±19,0,±13
        10 to 14 minutes,149,±86,80,±62,77,±53,61,±53,35,±38,67,±51,62,±52,49,±31,43,±34,28,±37,15,±17,131,±85,199,±106,58,±55,298,±133,54,±58,0,±13,48,±51,0,±19,149,±92,33,±32,18,±29,64,±79,8,±14,63,±54,239,±105,307,±199,0,±13
        15 to 19 minutes,136,±86,95,±62,118,±76,168,±93,112,±68,240,±99,152,±104,55,±37,255,±110,252,±119,127,±106,125,±69,52,±53,107,±113,295,±213,316,±201,137,±73,39,±46,181,±132,215,±117,121,±58,88,±69,88,±96,121,±106,192,±148,351,±178,235,±128,0,±13
        20 to 24 minutes,281,±150,40,±36,91,±70,46,±41,142,±115,215,±123,61,±45,155,±84,149,±77,181,±112,242,±154,32,±34,150,±86,278,±184,194,±99,388,±176,83,±60,104,±65,338,±260,167,±97,128,±96,113,±78,294,±212,242,±175,236,±118,205,±96,289,±171,0,±13
        25 to 29 minutes,32,±38,43,±36,51,±54,20,±32,26,±26,120,±79,108,±73,20,±28,0,±13,23,±25,84,±99,84,±55,27,±40,0,±13,13,±26,20,±24,113,±85,37,±38,245,±189,175,±134,61,±53,79,±61,201,±164,171,±109,103,±60,176,±87,101,±63,0,±13
        30 to 34 minutes,324,±126,143,±61,173,±90,146,±75,103,±68,285,±148,218,±131,182,±92,111,±67,165,±93,321,±186,167,±109,254,±114,448,±185,352,±126,506,±338,144,±77,346,±134,217,±145,274,±156,259,±102,271,±142,334,±150,655,±281,187,±77,235,±123,507,±237,0,±13
        35 to 44 minutes,109,±68,21,±30,19,±22,0,±13,49,±52,112,±82,55,±37,14,±19,38,±34,44,±42,57,±47,52,±37,0,±13,60,±51,272,±168,0,±19,103,±66,130,±83,217,±177,139,±110,23,±21,95,±83,145,±80,23,±35,92,±40,187,±113,240,±109,0,±13
        45 to 59 minutes,70,±61,142,±46,207,±109,68,±52,35,±33,80,±54,27,±22,75,±61,14,±24,170,±71,103,±112,159,±92,58,±44,138,±105,127,±79,14,±19,122,±74,70,±55,75,±85,81,±61,62,±40,191,±103,135,±106,231,±112,66,±42,270,±137,158,±104,0,±13
        60 or more minutes,0,±19,10,±25,66,±57,33,±35,69,±46,211,±142,46,±42,0,±13,8,±12,174,±99,29,±42,32,±25,29,±45,111,±81,61,±72,305,±264,105,±75,168,±80,61,±71,114,±106,69,±48,40,±64,350,±184,182,±134,65,±42,163,±93,253,±98,0,±13
        Drove alone:,"1,010",±252,538,±187,686,±185,434,±134,520,±166,"1,061",±190,709,±228,496,±153,571,±135,879,±199,960,±442,634,±171,709,±188,"1,014",±272,"1,323",±338,"1,385",±399,735,±164,765,±206,"1,202",±427,"1,169",±313,650,±169,886,±232,"1,366",±451,"1,338",±303,987,±273,"1,830",±349,"1,810",±410,0,±13
            Less than 10 minutes,43,±42,0,±13,46,±44,3,±6,46,±45,23,±24,54,±32,24,±28,55,±48,53,±41,0,±13,0,±13,49,±48,28,±28,67,±64,169,±109,76,±52,6,±10,0,±19,59,±65,31,±35,136,±108,148,±113,107,±84,65,±50,71,±60,0,±19,0,±13
            10 to 14 minutes,131,±80,80,±62,33,±33,61,±53,35,±38,67,±51,52,±49,49,±31,43,±34,0,±13,15,±17,97,±58,199,±106,58,±55,261,±128,54,±58,0,±13,22,±33,0,±19,124,±87,18,±22,18,±29,64,±79,8,±14,58,±54,233,±103,213,±142,0,±13
            15 to 19 minutes,136,±86,95,±62,102,±68,137,±83,102,±66,166,±72,144,±102,55,±37,255,±110,247,±118,127,±106,108,±65,24,±31,97,±111,238,±204,307,±200,137,±73,24,±27,181,±132,215,±117,81,±42,79,±67,88,±96,121,±106,171,±144,351,±178,183,±106,0,±13
            20 to 24 minutes,231,±139,40,±36,91,±70,9,±10,142,±115,200,±119,61,±45,136,±80,95,±56,143,±104,242,±154,32,±34,132,±81,241,±169,116,±66,287,±152,69,±54,88,±56,314,±264,145,±90,103,±92,80,±68,218,±180,230,±165,235,±119,189,±86,212,±154,0,±13
            25 to 29 minutes,0,±19,43,±36,51,±54,0,±13,15,±23,120,±79,92,±60,14,±25,0,±13,0,±13,84,±99,84,±55,27,±40,0,±13,13,±26,20,±24,52,±59,11,±14,238,±187,165,±134,52,±53,79,±61,201,±164,171,±109,71,±36,131,±93,101,±63,0,±13
            30 to 34 minutes,290,±118,143,±61,105,±76,146,±75,80,±63,153,±83,218,±131,173,±93,85,±60,104,±65,315,±186,167,±109,246,±111,391,±173,260,±115,248,±162,121,±74,312,±130,201,±144,200,±132,217,±99,259,±151,169,±107,331,±178,164,±69,235,±123,476,±231,0,±13
            35 to 44 minutes,109,±68,21,±30,19,±22,0,±13,49,±52,93,±58,39,±33,14,±19,38,±34,35,±39,45,±43,32,±30,0,±13,35,±39,249,±165,0,±19,103,±66,130,±83,132,±121,105,±95,23,±21,44,±38,56,±54,23,±35,92,±40,187,±113,233,±109,0,±13
            45 to 59 minutes,70,±61,106,±38,173,±103,68,±52,35,±33,80,±54,27,±22,31,±40,0,±13,170,±71,103,±112,82,±50,32,±31,80,±70,58,±43,8,±13,109,±65,70,±55,75,±85,81,±61,62,±40,191,±103,135,±106,165,±91,66,±42,270,±137,139,±100,0,±13
            60 or more minutes,0,±19,10,±25,66,±57,10,±15,16,±17,159,±100,22,±21,0,±13,0,±13,127,±77,29,±42,32,±25,0,±13,84,±70,61,±72,292,±265,68,±68,102,±58,61,±71,75,±83,63,±47,0,±13,287,±177,182,±134,65,±42,163,±93,253,±98,0,±13
        Carpooled:,134,±92,36,±27,162,±85,111,±87,97,±53,292,±114,74,±56,78,±60,126,±59,211,±101,18,±20,148,±87,118,±84,214,±117,356,±136,449,±375,148,±95,185,±139,132,±118,204,±114,137,±79,145,±107,393,±209,423,±224,105,±79,79,±45,280,±197,0,±13
            Less than 10 minutes,0,±19,0,±13,0,±13,0,±13,0,±13,0,±13,0,±13,0,±13,24,±28,0,±13,0,±13,0,±13,9,±16,0,±13,0,±19,62,±72,0,±13,2,±13,0,±19,0,±19,0,±13,0,±13,0,±19,21,±34,23,±28,12,±17,0,±19,0,±13
            10 to 14 minutes,18,±28,0,±13,44,±41,0,±13,0,±13,0,±13,10,±17,0,±13,0,±13,28,±37,0,±13,34,±43,0,±13,0,±13,37,±53,0,±19,0,±13,26,±40,0,±19,25,±41,15,±24,0,±13,0,±19,0,±19,5,±8,6,±10,94,±133,0,±13
            15 to 19 minutes,0,±19,0,±13,16,±26,31,±46,10,±16,74,±59,8,±14,0,±13,0,±13,5,±8,0,±13,17,±29,28,±44,10,±19,57,±66,9,±18,0,±13,15,±22,0,±19,0,±19,40,±39,9,±17,0,±19,0,±19,21,±26,0,±13,52,±82,0,±13
            20 to 24 minutes,50,±58,0,±13,0,±13,37,±40,0,±13,15,±30,0,±13,19,±21,54,±42,38,±35,0,±13,0,±13,18,±42,37,±44,78,±67,101,±89,14,±26,16,±23,24,±39,22,±33,25,±27,33,±36,76,±115,12,±20,1,±5,16,±26,77,±71,0,±13
            25 to 29 minutes,32,±38,0,±13,0,±13,20,±32,11,±16,0,±13,16,±26,6,±10,0,±13,23,±25,0,±13,0,±13,0,±13,0,±13,0,±19,0,±19,61,±59,26,±34,7,±23,10,±17,9,±16,0,±13,0,±19,0,±19,32,±47,45,±44,0,±19,0,±13
            30 to 34 minutes,34,±39,0,±13,68,±58,0,±13,23,±27,132,±89,0,±13,9,±14,26,±24,61,±50,6,±10,0,±13,8,±12,57,±56,92,±77,258,±307,23,±30,34,±36,16,±26,74,±82,42,±33,12,±21,165,±128,324,±197,23,±33,0,±13,31,±49,0,±13
            35 to 44 minutes,0,±19,0,±13,0,±13,0,±13,0,±13,19,±29,16,±25,0,±13,0,±13,9,±15,12,±18,20,±23,0,±13,25,±31,23,±27,0,±19,0,±13,0,±13,85,±116,34,±43,0,±13,51,±79,89,±58,0,±19,0,±13,0,±13,7,±18,0,±13
            45 to 59 minutes,0,±19,36,±27,34,±36,0,±13,0,±13,0,±13,0,±13,44,±50,14,±24,0,±13,0,±13,77,±78,26,±32,58,±73,69,±68,6,±14,13,±18,0,±13,0,±19,0,±19,0,±13,0,±13,0,±19,66,±79,0,±13,0,±13,19,±30,0,±13
            60 or more minutes,0,±19,0,±13,0,±13,23,±32,53,±41,52,±52,24,±34,0,±13,8,±12,47,±56,0,±13,0,±13,29,±45,27,±43,0,±19,13,±24,37,±33,66,±64,0,±19,39,±65,6,±9,40,±64,63,±81,0,±19,0,±13,0,±13,0,±19,0,±13
            In 2-person carpool:,117,±84,36,±27,138,±77,91,±82,44,±35,210,±129,74,±56,59,±54,113,±55,135,±85,18,±20,97,±80,109,±83,165,±100,246,±116,185,±110,75,±73,128,±131,116,±117,143,±101,108,±63,145,±107,176,±146,269,±155,55,±59,63,±44,280,±197,0,±13
                Less than 10 minutes,0,±19,0,±13,0,±13,0,±13,0,±13,0,±13,0,±13,0,±13,24,±28,0,±13,0,±13,0,±13,0,±13,0,±13,0,±19,62,±72,0,±13,0,±13,0,±19,0,±19,0,±13,0,±13,0,±19,0,±19,0,±13,12,±17,0,±19,0,±13
                10 to 14 minutes,18,±28,0,±13,44,±41,0,±13,0,±13,0,±13,10,±17,0,±13,0,±13,28,±37,0,±13,0,±13,0,±13,0,±13,0,±19,0,±19,0,±13,26,±40,0,±19,25,±41,15,±24,0,±13,0,±19,0,±19,0,±13,6,±10,94,±133,0,±13
                15 to 19 minutes,0,±19,0,±13,16,±26,31,±46,10,±16,74,±59,8,±14,0,±13,0,±13,5,±8,0,±13,0,±13,28,±44,10,±19,57,±66,9,±18,0,±13,15,±22,0,±19,0,±19,23,±28,9,±17,0,±19,0,±19,0,±13,0,±13,52,±82,0,±13
                20 to 24 minutes,50,±58,0,±13,0,±13,37,±40,0,±13,15,±30,0,±13,0,±13,54,±42,16,±25,0,±13,0,±13,18,±42,0,±13,78,±67,101,±89,14,±26,0,±13,24,±39,0,±19,25,±27,33,±36,30,±46,12,±20,0,±13,0,±13,77,±71,0,±13
                25 to 29 minutes,32,±38,0,±13,0,±13,0,±13,11,±16,0,±13,16,±26,6,±10,0,±13,0,±13,0,±13,0,±13,0,±13,0,±13,0,±19,0,±19,61,±59,26,±34,7,±23,10,±17,9,±16,0,±13,0,±19,0,±19,32,±47,45,±44,0,±19,0,±13
                30 to 34 minutes,17,±26,0,±13,44,±46,0,±13,23,±27,85,±95,0,±13,9,±14,21,±19,61,±50,6,±10,0,±13,8,±12,57,±56,19,±30,0,±19,0,±13,15,±17,0,±19,74,±82,30,±28,12,±21,59,±96,257,±157,23,±33,0,±13,31,±49,0,±13
                35 to 44 minutes,0,±19,0,±13,0,±13,0,±13,0,±13,19,±29,16,±25,0,±13,0,±13,9,±15,12,±18,20,±23,0,±13,13,±21,23,±27,0,±19,0,±13,0,±13,85,±116,34,±43,0,±13,51,±79,24,±39,0,±19,0,±13,0,±13,7,±18,0,±13
                45 to 59 minutes,0,±19,36,±27,34,±36,0,±13,0,±13,0,±13,0,±13,44,±50,14,±24,0,±13,0,±13,77,±78,26,±32,58,±73,69,±68,0,±19,0,±13,0,±13,0,±19,0,±19,0,±13,0,±13,0,±19,0,±19,0,±13,0,±13,19,±30,0,±13
                60 or more minutes,0,±19,0,±13,0,±13,23,±32,0,±13,17,±26,24,±34,0,±13,0,±13,16,±29,0,±13,0,±13,29,±45,27,±43,0,±19,13,±24,0,±13,46,±58,0,±19,0,±19,6,±9,40,±64,63,±81,0,±19,0,±13,0,±13,0,±19,0,±13
            In 3-or-more-person carpool:,17,±28,0,±13,24,±37,20,±32,53,±41,82,±71,0,±13,19,±21,13,±19,76,±60,0,±13,51,±51,9,±16,49,±66,110,±57,264,±308,73,±46,57,±52,16,±26,61,±57,29,±32,0,±13,217,±167,154,±128,50,±55,16,±26,0,±19,0,±13
                Less than 10 minutes,0,±19,0,±13,0,±13,0,±13,0,±13,0,±13,0,±13,0,±13,0,±13,0,±13,0,±13,0,±13,9,±16,0,±13,0,±19,0,±19,0,±13,2,±13,0,±19,0,±19,0,±13,0,±13,0,±19,21,±34,23,±28,0,±13,0,±19,0,±13
                10 to 14 minutes,0,±19,0,±13,0,±13,0,±13,0,±13,0,±13,0,±13,0,±13,0,±13,0,±13,0,±13,34,±43,0,±13,0,±13,37,±53,0,±19,0,±13,0,±13,0,±19,0,±19,0,±13,0,±13,0,±19,0,±19,5,±8,0,±13,0,±19,0,±13
                15 to 19 minutes,0,±19,0,±13,0,±13,0,±13,0,±13,0,±13,0,±13,0,±13,0,±13,0,±13,0,±13,17,±29,0,±13,0,±13,0,±19,0,±19,0,±13,0,±13,0,±19,0,±19,17,±27,0,±13,0,±19,0,±19,21,±26,0,±13,0,±19,0,±13
                20 to 24 minutes,0,±19,0,±13,0,±13,0,±13,0,±13,0,±13,0,±13,19,±21,0,±13,22,±32,0,±13,0,±13,0,±13,37,±44,0,±19,0,±19,0,±13,16,±23,0,±19,22,±33,0,±13,0,±13,46,±70,0,±19,1,±5,16,±26,0,±19,0,±13
                25 to 29 minutes,0,±19,0,±13,0,±13,20,±32,0,±13,0,±13,0,±13,0,±13,0,±13,23,±25,0,±13,0,±13,0,±13,0,±13,0,±19,0,±19,0,±13,0,±13,0,±19,0,±19,0,±13,0,±13,0,±19,0,±19,0,±13,0,±13,0,±19,0,±13
                30 to 34 minutes,17,±28,0,±13,24,±37,0,±13,0,±13,47,±49,0,±13,0,±13,5,±8,0,±13,0,±13,0,±13,0,±13,0,±13,73,±70,258,±307,23,±30,19,±31,16,±26,0,±19,12,±18,0,±13,106,±138,67,±76,0,±13,0,±13,0,±19,0,±13
                35 to 44 minutes,0,±19,0,±13,0,±13,0,±13,0,±13,0,±13,0,±13,0,±13,0,±13,0,±13,0,±13,0,±13,0,±13,12,±24,0,±19,0,±19,0,±13,0,±13,0,±19,0,±19,0,±13,0,±13,65,±59,0,±19,0,±13,0,±13,0,±19,0,±13
                45 to 59 minutes,0,±19,0,±13,0,±13,0,±13,0,±13,0,±13,0,±13,0,±13,0,±13,0,±13,0,±13,0,±13,0,±13,0,±13,0,±19,6,±14,13,±18,0,±13,0,±19,0,±19,0,±13,0,±13,0,±19,66,±79,0,±13,0,±13,0,±19,0,±13
                60 or more minutes,0,±19,0,±13,0,±13,0,±13,53,±41,35,±49,0,±13,0,±13,8,±12,31,±48,0,±13,0,±13,0,±13,0,±13,0,±19,0,±19,37,±33,20,±28,0,±19,39,±65,0,±13,0,±13,0,±19,0,±19,0,±13,0,±13,0,±19,0,±13
    Public transportation (excluding taxicab):,660,±197,397,±160,"1,049",±253,414,±126,741,±215,975,±254,476,±235,328,±106,497,±181,463,±170,411,±171,668,±222,615,±233,513,±198,"1,051",±265,829,±325,525,±161,374,±152,949,±493,"1,525",±529,494,±154,427,±121,"1,128",±313,795,±238,159,±60,313,±134,986,±270,0,±13
        Less than 10 minutes,0,±19,0,±13,0,±13,0,±13,0,±13,0,±13,0,±13,0,±13,15,±36,0,±13,0,±13,0,±13,0,±13,0,±13,0,±19,0,±19,0,±13,0,±13,0,±19,0,±19,28,±31,16,±21,0,±19,0,±19,0,±13,0,±13,0,±19,0,±13
        10 to 14 minutes,6,±20,0,±13,30,±36,0,±13,13,±20,8,±13,56,±91,7,±11,33,±58,22,±33,0,±13,0,±13,60,±64,0,±13,33,±41,0,±19,0,±13,0,±13,0,±19,45,±54,0,±13,0,±13,0,±19,0,±19,0,±13,0,±13,0,±19,0,±13
        15 to 19 minutes,42,±38,72,±63,38,±35,0,±13,49,±75,58,±46,55,±43,16,±22,22,±27,0,±13,0,±13,118,±95,0,±13,11,±17,0,±19,15,±30,0,±13,3,±7,0,±19,83,±83,0,±13,0,±13,44,±57,0,±19,0,±13,0,±13,0,±19,0,±13
        20 to 24 minutes,0,±19,12,±19,132,±79,35,±42,100,±59,149,±75,0,±13,22,±26,16,±20,17,±28,0,±13,9,±21,0,±13,137,±112,126,±103,44,±59,0,±13,4,±7,24,±38,0,±19,12,±19,12,±21,0,±19,39,±51,0,±13,0,±13,32,±41,0,±13
        25 to 29 minutes,0,±19,0,±13,136,±74,0,±13,0,±13,38,±39,0,±13,11,±18,0,±13,0,±13,0,±13,62,±40,1,±2,0,±13,33,±51,0,±19,24,±28,12,±18,0,±19,175,±278,5,±8,30,±33,39,±61,14,±28,8,±12,0,±13,0,±19,0,±13
        30 to 34 minutes,290,±125,109,±63,359,±122,138,±67,284,±139,308,±103,225,±164,144,±80,154,±92,167,±115,176,±118,238,±151,190,±102,56,±63,210,±113,156,±118,160,±84,93,±81,371,±210,305,±213,71,±54,57,±58,55,±59,98,±93,9,±12,8,±14,101,±86,0,±13
        35 to 44 minutes,64,±48,8,±13,147,±72,44,±32,79,±65,180,±79,47,±53,19,±23,71,±51,82,±74,104,±66,42,±38,43,±48,118,±69,76,±62,143,±130,45,±52,68,±50,55,±75,95,±87,43,±35,38,±37,56,±59,256,±164,31,±27,57,±51,105,±94,0,±13
        45 to 59 minutes,65,±75,135,±77,126,±76,114,±74,81,±55,77,±67,49,±41,30,±44,49,±39,143,±80,45,±42,83,±56,150,±124,28,±35,407,±196,263,±180,169,±85,33,±28,31,±49,133,±103,18,±28,23,±23,327,±149,90,±66,68,±40,116,±70,278,±129,0,±13
        60 or more minutes,193,±119,61,±57,81,±77,83,±54,135,±73,157,±95,44,±52,79,±44,137,±93,32,±30,86,±77,116,±78,171,±151,163,±98,166,±101,208,±190,127,±83,161,±123,468,±372,689,±294,317,±120,251,±113,607,±258,298,±155,43,±47,132,±76,470,±202,0,±13
        Bus:,544,±197,388,±160,407,±178,200,±92,248,±148,144,±91,333,±206,248,±92,393,±169,287,±149,256,±139,371,±206,396,±174,380,±182,397,±168,380,±245,113,±91,206,±134,753,±379,874,±357,282,±98,250,±96,266,±191,176,±146,17,±19,84,±71,217,±138,0,±13
            Less than 10 minutes,0,±19,0,±13,0,±13,0,±13,0,±13,0,±13,0,±13,0,±13,0,±13,0,±13,0,±13,0,±13,0,±13,0,±13,0,±19,0,±19,0,±13,0,±13,0,±19,0,±19,28,±31,16,±21,0,±19,0,±19,0,±13,0,±13,0,±19,0,±13
            10 to 14 minutes,6,±20,0,±13,0,±13,0,±13,0,±13,0,±13,56,±91,7,±11,33,±58,22,±33,0,±13,0,±13,60,±64,0,±13,33,±41,0,±19,0,±13,0,±13,0,±19,45,±54,0,±13,0,±13,0,±19,0,±19,0,±13,0,±13,0,±19,0,±13
            15 to 19 minutes,42,±38,72,±63,0,±13,0,±13,49,±75,0,±13,0,±13,16,±22,22,±27,0,±13,0,±13,118,±95,0,±13,11,±17,0,±19,0,±19,0,±13,3,±7,0,±19,64,±78,0,±13,0,±13,0,±19,0,±19,0,±13,0,±13,0,±19,0,±13
            20 to 24 minutes,0,±19,12,±19,87,±70,22,±36,14,±24,19,±30,0,±13,14,±25,0,±13,17,±28,0,±13,0,±13,0,±13,110,±108,74,±93,22,±34,0,±13,0,±13,24,±38,0,±19,12,±19,12,±21,0,±19,22,±44,0,±13,0,±13,0,±19,0,±13
            25 to 29 minutes,0,±19,0,±13,54,±59,0,±13,0,±13,0,±13,0,±13,0,±13,0,±13,0,±13,0,±13,0,±13,1,±2,0,±13,0,±19,0,±19,0,±13,12,±18,0,±19,0,±19,5,±8,13,±17,0,±19,0,±19,0,±13,0,±13,0,±19,0,±13
            30 to 34 minutes,206,±109,109,±63,119,±68,71,±49,98,±114,81,±71,182,±158,109,±66,149,±92,89,±87,89,±83,182,±150,137,±103,56,±63,142,±90,104,±96,70,±61,87,±80,351,±206,189,±163,53,±50,35,±45,1,±4,72,±83,9,±12,0,±13,0,±19,0,±13
            35 to 44 minutes,43,±40,8,±13,51,±55,21,±19,0,±13,0,±13,40,±57,0,±13,71,±51,58,±66,95,±65,13,±21,43,±48,71,±71,32,±50,0,±19,0,±13,25,±29,55,±75,95,±87,19,±21,38,±37,0,±19,7,±19,8,±13,12,±18,22,±36,0,±13
            45 to 59 minutes,65,±75,126,±75,70,±68,27,±32,0,±13,25,±42,18,±28,30,±44,33,±31,90,±70,0,±13,13,±16,83,±100,28,±35,80,±63,120,±132,20,±29,0,±13,31,±49,72,±68,0,±13,7,±12,12,±14,11,±22,0,±13,10,±15,0,±19,0,±13
            60 or more minutes,182,±119,61,±57,26,±32,59,±51,87,±64,19,±26,37,±50,72,±42,85,±89,11,±12,72,±76,45,±64,72,±59,104,±85,36,±41,134,±172,23,±34,79,±107,292,±236,409,±249,165,±72,129,±75,253,±190,64,±103,0,±13,62,±67,195,±119,0,±13
"        Subway or elevated rail, Light rail, streetcar, or trolley (carro público in Puerto Rico):",116,±82,9,±14,642,±198,190,±79,493,±145,831,±255,129,±74,73,±49,88,±73,176,±85,155,±114,297,±91,219,±156,133,±78,652,±233,449,±238,412,±156,135,±64,196,±176,651,±375,207,±102,177,±89,862,±274,608,±204,136,±59,229,±123,769,±207,0,±13
            Less than 10 minutes,0,±19,0,±13,0,±13,0,±13,0,±13,0,±13,0,±13,0,±13,15,±36,0,±13,0,±13,0,±13,0,±13,0,±13,0,±19,0,±19,0,±13,0,±13,0,±19,0,±19,0,±13,0,±13,0,±19,0,±19,0,±13,0,±13,0,±19,0,±13
            10 to 14 minutes,0,±19,0,±13,30,±36,0,±13,13,±20,8,±13,0,±13,0,±13,0,±13,0,±13,0,±13,0,±13,0,±13,0,±13,0,±19,0,±19,0,±13,0,±13,0,±19,0,±19,0,±13,0,±13,0,±19,0,±19,0,±13,0,±13,0,±19,0,±13
            15 to 19 minutes,0,±19,0,±13,38,±35,0,±13,0,±13,58,±46,41,±38,0,±13,0,±13,0,±13,0,±13,0,±13,0,±13,0,±13,0,±19,15,±30,0,±13,0,±13,0,±19,19,±30,0,±13,0,±13,44,±57,0,±19,0,±13,0,±13,0,±19,0,±13
            20 to 24 minutes,0,±19,0,±13,45,±40,13,±22,86,±55,130,±78,0,±13,8,±11,0,±13,0,±13,0,±13,9,±21,0,±13,27,±29,52,±54,22,±46,0,±13,0,±13,0,±19,0,±19,0,±13,0,±13,0,±19,17,±28,0,±13,0,±13,32,±41,0,±13
            25 to 29 minutes,0,±19,0,±13,82,±47,0,±13,0,±13,38,±39,0,±13,11,±18,0,±13,0,±13,0,±13,62,±40,0,±13,0,±13,33,±51,0,±19,24,±28,0,±13,0,±19,175,±278,0,±13,17,±27,39,±61,14,±28,8,±12,0,±13,0,±19,0,±13
            30 to 34 minutes,84,±74,0,±13,240,±105,56,±42,186,±79,227,±104,43,±45,35,±37,5,±10,78,±60,87,±100,56,±44,53,±50,0,±13,68,±61,52,±63,90,±63,6,±10,20,±33,116,±106,18,±20,22,±35,54,±59,15,±30,0,±13,8,±14,101,±86,0,±13
            35 to 44 minutes,21,±26,0,±13,96,±48,23,±28,79,±65,180,±79,7,±13,19,±23,0,±13,24,±38,9,±16,29,±32,0,±13,47,±44,44,±36,143,±130,45,±52,25,±29,0,±19,0,±19,24,±27,0,±13,56,±59,249,±162,23,±28,45,±44,83,±85,0,±13
            45 to 59 minutes,0,±19,9,±14,56,±34,74,±60,81,±55,52,±46,31,±31,0,±13,16,±22,53,±37,45,±42,70,±54,67,±70,0,±13,325,±198,143,±132,149,±81,26,±27,0,±19,61,±73,18,±28,16,±22,315,±146,79,±62,62,±37,106,±68,278,±129,0,±13
            60 or more minutes,11,±17,0,±13,55,±70,24,±23,48,±39,138,±88,7,±13,0,±13,52,±40,21,±29,14,±19,71,±43,99,±137,59,±53,130,±93,74,±88,104,±79,78,±53,176,±175,280,±157,147,±86,122,±80,354,±201,234,±138,43,±47,70,±53,275,±148,0,±13
        Long-distance train or commuter rail or Ferryboat:,0,±19,0,±13,0,±13,24,±26,0,±13,0,±13,14,±23,7,±15,16,±20,0,±13,0,±13,0,±13,0,±13,0,±13,2,±6,0,±19,0,±13,33,±35,0,±19,0,±19,5,±9,0,±13,0,±19,11,±19,6,±15,0,±13,0,±19,0,±13
            Less than 10 minutes,0,±19,0,±13,0,±13,0,±13,0,±13,0,±13,0,±13,0,±13,0,±13,0,±13,0,±13,0,±13,0,±13,0,±13,0,±19,0,±19,0,±13,0,±13,0,±19,0,±19,0,±13,0,±13,0,±19,0,±19,0,±13,0,±13,0,±19,0,±13
            10 to 14 minutes,0,±19,0,±13,0,±13,0,±13,0,±13,0,±13,0,±13,0,±13,0,±13,0,±13,0,±13,0,±13,0,±13,0,±13,0,±19,0,±19,0,±13,0,±13,0,±19,0,±19,0,±13,0,±13,0,±19,0,±19,0,±13,0,±13,0,±19,0,±13
            15 to 19 minutes,0,±19,0,±13,0,±13,0,±13,0,±13,0,±13,14,±23,0,±13,0,±13,0,±13,0,±13,0,±13,0,±13,0,±13,0,±19,0,±19,0,±13,0,±13,0,±19,0,±19,0,±13,0,±13,0,±19,0,±19,0,±13,0,±13,0,±19,0,±13
            20 to 24 minutes,0,±19,0,±13,0,±13,0,±13,0,±13,0,±13,0,±13,0,±13,16,±20,0,±13,0,±13,0,±13,0,±13,0,±13,0,±19,0,±19,0,±13,4,±7,0,±19,0,±19,0,±13,0,±13,0,±19,0,±19,0,±13,0,±13,0,±19,0,±13
            25 to 29 minutes,0,±19,0,±13,0,±13,0,±13,0,±13,0,±13,0,±13,0,±13,0,±13,0,±13,0,±13,0,±13,0,±13,0,±13,0,±19,0,±19,0,±13,0,±13,0,±19,0,±19,0,±13,0,±13,0,±19,0,±19,0,±13,0,±13,0,±19,0,±13
            30 to 34 minutes,0,±19,0,±13,0,±13,11,±18,0,±13,0,±13,0,±13,0,±13,0,±13,0,±13,0,±13,0,±13,0,±13,0,±13,0,±19,0,±19,0,±13,0,±13,0,±19,0,±19,0,±13,0,±13,0,±19,11,±19,0,±13,0,±13,0,±19,0,±13
            35 to 44 minutes,0,±19,0,±13,0,±13,0,±13,0,±13,0,±13,0,±13,0,±13,0,±13,0,±13,0,±13,0,±13,0,±13,0,±13,0,±19,0,±19,0,±13,18,±29,0,±19,0,±19,0,±13,0,±13,0,±19,0,±19,0,±13,0,±13,0,±19,0,±13
            45 to 59 minutes,0,±19,0,±13,0,±13,13,±19,0,±13,0,±13,0,±13,0,±13,0,±13,0,±13,0,±13,0,±13,0,±13,0,±13,2,±6,0,±19,0,±13,7,±11,0,±19,0,±19,0,±13,0,±13,0,±19,0,±19,6,±15,0,±13,0,±19,0,±13
            60 or more minutes,0,±19,0,±13,0,±13,0,±13,0,±13,0,±13,0,±13,7,±15,0,±13,0,±13,0,±13,0,±13,0,±13,0,±13,0,±19,0,±19,0,±13,4,±8,0,±19,0,±19,5,±9,0,±13,0,±19,0,±19,0,±13,0,±13,0,±19,0,±13
    Walked:,144,±92,60,±48,129,±96,169,±86,92,±88,438,±284,119,±118,69,±52,143,±113,65,±60,60,±45,30,±30,71,±68,51,±45,149,±113,237,±139,87,±122,97,±71,57,±88,42,±56,0,±13,20,±27,242,±169,14,±26,143,±107,20,±22,0,±19,0,±13
        Less than 10 minutes,82,±67,48,±42,21,±34,65,±55,71,±86,173,±235,60,±58,0,±13,65,±58,18,±29,12,±18,22,±28,53,±53,40,±41,102,±94,58,±63,2,±10,15,±16,9,±42,0,±19,0,±13,0,±13,0,±19,0,±19,65,±98,0,±13,0,±19,0,±13
        10 to 14 minutes,25,±38,0,±13,30,±34,59,±44,12,±15,67,±53,59,±88,9,±13,11,±16,0,±13,0,±13,8,±13,0,±13,0,±13,0,±19,0,±19,28,±38,0,±13,0,±19,31,±50,0,±13,0,±13,94,±107,0,±19,50,±40,0,±13,0,±19,0,±13
        15 to 19 minutes,0,±19,0,±13,0,±13,9,±14,0,±13,90,±79,0,±13,23,±27,0,±13,27,±42,20,±32,0,±13,18,±54,11,±19,0,±19,0,±19,0,±13,24,±36,0,±19,11,±25,0,±13,0,±13,51,±77,0,±19,0,±13,10,±15,0,±19,0,±13
        20 to 24 minutes,28,±33,0,±13,20,±31,0,±13,0,±13,0,±13,0,±13,37,±47,14,±21,0,±13,28,±29,0,±13,0,±13,0,±13,47,±51,98,±100,57,±84,23,±39,0,±19,0,±19,0,±13,20,±27,45,±72,14,±26,23,±28,10,±16,0,±19,0,±13
        25 to 29 minutes,0,±19,0,±13,0,±13,0,±13,0,±13,0,±13,0,±13,0,±13,0,±13,0,±13,0,±13,0,±13,0,±13,0,±13,0,±19,0,±19,0,±13,0,±13,0,±19,0,±19,0,±13,0,±13,0,±19,0,±19,0,±13,0,±13,0,±19,0,±13
        30 to 34 minutes,0,±19,0,±13,45,±63,36,±59,9,±17,38,±36,0,±13,0,±13,42,±76,0,±13,0,±13,0,±13,0,±13,0,±13,0,±19,37,±61,0,±13,35,±51,48,±81,0,±19,0,±13,0,±13,52,±79,0,±19,0,±13,0,±13,0,±19,0,±13
        35 to 44 minutes,0,±19,0,±13,0,±13,0,±13,0,±13,0,±13,0,±13,0,±13,0,±13,20,±33,0,±13,0,±13,0,±13,0,±13,0,±19,44,±60,0,±13,0,±13,0,±19,0,±19,0,±13,0,±13,0,±19,0,±19,5,±8,0,±13,0,±19,0,±13
        45 to 59 minutes,0,±19,12,±21,13,±20,0,±13,0,±13,70,±110,0,±13,0,±13,11,±13,0,±13,0,±13,0,±13,0,±13,0,±13,0,±19,0,±19,0,±13,0,±13,0,±19,0,±19,0,±13,0,±13,0,±19,0,±19,0,±13,0,±13,0,±19,0,±13
        60 or more minutes,9,±14,0,±13,0,±13,0,±13,0,±13,0,±13,0,±13,0,±13,0,±13,0,±13,0,±13,0,±13,0,±13,0,±13,0,±19,0,±19,0,±13,0,±13,0,±19,0,±19,0,±13,0,±13,0,±19,0,±19,0,±13,0,±13,0,±19,0,±13
"    Taxicab, motorcycle, bicycle, or other means:",82,±66,65,±48,62,±44,27,±24,63,±57,36,±32,68,±48,24,±27,19,±20,51,±51,59,±50,99,±107,42,±52,33,±40,19,±30,118,±79,63,±91,131,±100,277,±213,37,±60,108,±121,55,±45,77,±67,350,±219,36,±48,15,±16,83,±111,0,±13
        Less than 10 minutes,11,±17,0,±13,0,±13,0,±13,0,±13,0,±13,0,±13,0,±13,0,±13,0,±13,20,±32,0,±13,0,±13,10,±17,0,±19,10,±31,0,±13,10,±15,102,±136,0,±19,0,±13,6,±9,9,±18,57,±66,0,±13,0,±13,0,±19,0,±13
        10 to 14 minutes,0,±19,0,±13,10,±16,5,±10,42,±55,0,±13,0,±13,0,±13,0,±13,40,±48,0,±13,19,±30,0,±13,0,±13,0,±19,0,±19,0,±13,10,±16,0,±19,0,±19,28,±31,11,±16,53,±56,60,±73,0,±13,8,±13,0,±19,0,±13
        15 to 19 minutes,43,±53,40,±41,24,±28,0,±13,0,±13,0,±13,37,±39,0,±13,13,±18,0,±13,4,±6,25,±32,0,±13,0,±13,0,±19,10,±18,0,±13,39,±63,24,±51,0,±19,49,±78,27,±35,0,±19,81,±122,0,±13,7,±11,0,±19,0,±13
        20 to 24 minutes,28,±36,0,±13,3,±5,5,±7,0,±13,12,±18,10,±15,13,±22,0,±13,0,±13,0,±13,7,±8,0,±13,0,±13,2,±6,41,±48,0,±13,37,±35,28,±50,37,±60,0,±13,0,±13,0,±19,15,±29,0,±13,0,±13,13,±23,0,±13
        25 to 29 minutes,0,±19,0,±13,25,±31,0,±13,0,±13,0,±13,21,±32,0,±13,0,±13,11,±17,0,±13,0,±13,0,±13,0,±13,0,±19,0,±19,0,±13,0,±13,0,±19,0,±19,0,±13,0,±13,0,±19,26,±42,0,±13,0,±13,0,±19,0,±13
        30 to 34 minutes,0,±19,0,±13,0,±13,13,±17,0,±13,19,±22,0,±13,6,±9,0,±13,0,±13,0,±13,0,±13,0,±13,10,±17,12,±19,0,±19,0,±13,0,±13,18,±38,0,±19,0,±13,0,±13,0,±19,83,±103,36,±48,0,±13,0,±19,0,±13
        35 to 44 minutes,0,±19,0,±13,0,±13,4,±6,0,±13,5,±8,0,±13,5,±11,0,±13,0,±13,0,±13,0,±13,0,±13,0,±13,0,±19,29,±52,6,±11,0,±13,0,±19,0,±19,0,±13,0,±13,0,±19,8,±20,0,±13,0,±13,0,±19,0,±13
        45 to 59 minutes,0,±19,0,±13,0,±13,0,±13,21,±18,0,±13,0,±13,0,±13,6,±11,0,±13,35,±36,0,±13,0,±13,0,±13,0,±19,28,±35,0,±13,0,±13,65,±82,0,±19,31,±49,11,±17,0,±19,0,±19,0,±13,0,±13,0,±19,0,±13
        60 or more minutes,0,±19,25,±27,0,±13,0,±13,0,±13,0,±13,0,±13,0,±13,0,±13,0,±13,0,±13,48,±73,42,±52,13,±21,5,±11,0,±19,57,±90,35,±33,40,±65,0,±19,0,±13,0,±13,15,±30,20,±40,0,±13,0,±13,70,±110,0,±13
